<?xml version="1.0" encoding="UTF-8"?>
<con:soapui-project activeEnvironment="Default" name="NMS" resourceRoot="" soapui-version="5.1.3" abortOnError="false" runType="SEQUENTIAL" id="ab17bc3a-a586-479d-8dd2-dd3bf8b7d7e3" xmlns:con="http://eviware.com/soapui/config"><con:settings/><con:interface xsi:type="con:RestService" wadlVersion="http://wadl.dev.java.net/2009/02" name="Create Folder Metadata" type="rest" id="040adf6a-3495-47db-95f7-37d8d803478b" xmlns:xsi="http://www.w3.org/2001/XMLSchema-instance"><con:settings/><con:definitionCache type="TEXT" rootPart=""/><con:endpoints/><con:resource name="Create Folder Metadata" path="/nms/folders" id="83ee87d6-8bef-42c4-a457-ed76ff3dc125"><con:settings/><con:parameters/><con:method name="create" method="POST" id="de70ae90-1154-4a14-9184-d41dac86900d"><con:settings/><con:parameters/><con:representation type="RESPONSE"><con:mediaType xsi:nil="true"/><con:status>0</con:status><con:params/><con:element>data</con:element></con:representation><con:representation type="REQUEST"><con:mediaType>application/json</con:mediaType><con:params/></con:representation><con:representation type="RESPONSE"><con:mediaType>application/json; charset=UTF-8</con:mediaType><con:status>200 201 207</con:status><con:params/><con:element xmlns:fol="http://sittej.jiodrive.com/nms/folders">fol:Response</con:element></con:representation><con:representation type="RESPONSE"><con:mediaType xsi:nil="true"/><con:status>0</con:status><con:params/><con:element>data</con:element></con:representation><con:representation type="RESPONSE"><con:mediaType xsi:nil="true"/><con:status>0</con:status><con:params/><con:element>data</con:element></con:representation><con:representation type="FAULT"><con:mediaType>application/json; charset=UTF-8</con:mediaType><con:status>500 404 400 412 406</con:status><con:params/></con:representation><con:representation type="RESPONSE"><con:mediaType xsi:nil="true"/><con:status>0</con:status><con:params/><con:element>data</con:element></con:representation><con:representation type="RESPONSE"><con:mediaType xsi:nil="true"/><con:status>0</con:status><con:params/><con:element>data</con:element></con:representation><con:representation type="RESPONSE"><con:mediaType xsi:nil="true"/><con:status>0</con:status><con:params/><con:element>data</con:element></con:representation><con:representation type="RESPONSE"><con:mediaType xsi:nil="true"/><con:status>0</con:status><con:params/><con:element>data</con:element></con:representation><con:representation type="RESPONSE"><con:mediaType xsi:nil="true"/><con:status>0</con:status><con:params/><con:element>data</con:element></con:representation><con:representation type="RESPONSE"><con:mediaType xsi:nil="true"/><con:status>0</con:status><con:params/><con:element>data</con:element></con:representation><con:representation type="RESPONSE"><con:mediaType xsi:nil="true"/><con:status>0</con:status><con:params/><con:element>data</con:element></con:representation><con:representation type="RESPONSE"><con:mediaType xsi:nil="true"/><con:status>0</con:status><con:params/><con:element>data</con:element></con:representation><con:representation type="RESPONSE"><con:mediaType xsi:nil="true"/><con:status>0</con:status><con:params/><con:element>data</con:element></con:representation><con:representation type="RESPONSE"><con:mediaType xsi:nil="true"/><con:status>0</con:status><con:params/><con:element>data</con:element></con:representation><con:representation type="RESPONSE"><con:mediaType xsi:nil="true"/><con:status>0</con:status><con:params/><con:element>data</con:element></con:representation><con:representation type="RESPONSE"><con:mediaType xsi:nil="true"/><con:status>0</con:status><con:params/><con:element>data</con:element></con:representation><con:representation type="RESPONSE"><con:mediaType xsi:nil="true"/><con:status>0</con:status><con:params/><con:element>data</con:element></con:representation><con:representation type="RESPONSE"><con:mediaType xsi:nil="true"/><con:status>0</con:status><con:params/><con:element>data</con:element></con:representation><con:representation type="RESPONSE"><con:mediaType xsi:nil="true"/><con:status>0</con:status><con:params/><con:element>data</con:element></con:representation><con:representation type="RESPONSE"><con:mediaType xsi:nil="true"/><con:status>0</con:status><con:params/><con:element>data</con:element></con:representation><con:representation type="RESPONSE"><con:mediaType xsi:nil="true"/><con:status>0</con:status><con:params/><con:element>data</con:element></con:representation><con:representation type="RESPONSE"><con:mediaType xsi:nil="true"/><con:status>0</con:status><con:params/><con:element>data</con:element></con:representation><con:representation type="RESPONSE"><con:mediaType xsi:nil="true"/><con:status>0</con:status><con:params/><con:element>data</con:element></con:representation><con:representation type="RESPONSE"><con:mediaType xsi:nil="true"/><con:status>0</con:status><con:params/><con:element>data</con:element></con:representation><con:representation type="RESPONSE"><con:mediaType xsi:nil="true"/><con:status>0</con:status><con:params/><con:element>data</con:element></con:representation><con:representation type="RESPONSE"><con:mediaType xsi:nil="true"/><con:status>0</con:status><con:params/><con:element>data</con:element></con:representation><con:representation type="RESPONSE"><con:mediaType xsi:nil="true"/><con:status>0</con:status><con:params/><con:element>data</con:element></con:representation><con:representation type="RESPONSE"><con:mediaType xsi:nil="true"/><con:status>204</con:status><con:params/><con:element>data</con:element></con:representation><con:representation type="RESPONSE"><con:mediaType xsi:nil="true"/><con:status>204</con:status><con:params/><con:element>data</con:element></con:representation><con:representation type="RESPONSE"><con:mediaType xsi:nil="true"/><con:status>204</con:status><con:params/><con:element>data</con:element></con:representation><con:representation type="RESPONSE"><con:mediaType xsi:nil="true"/><con:status>204</con:status><con:params/><con:element>data</con:element></con:representation><con:representation type="RESPONSE"><con:mediaType xsi:nil="true"/><con:status>0</con:status><con:params/><con:element>data</con:element></con:representation><con:representation type="RESPONSE"><con:mediaType xsi:nil="true"/><con:status>0</con:status><con:params/><con:element>data</con:element></con:representation><con:representation type="RESPONSE"><con:mediaType xsi:nil="true"/><con:status>0</con:status><con:params/><con:element>data</con:element></con:representation><con:representation type="RESPONSE"><con:mediaType xsi:nil="true"/><con:status>0</con:status><con:params/><con:element>data</con:element></con:representation><con:representation type="RESPONSE"><con:mediaType xsi:nil="true"/><con:status>0</con:status><con:params/><con:element>data</con:element></con:representation><con:representation type="RESPONSE"><con:mediaType xsi:nil="true"/><con:status>0</con:status><con:params/><con:element>data</con:element></con:representation><con:representation type="RESPONSE"><con:mediaType xsi:nil="true"/><con:status>0</con:status><con:params/><con:element>data</con:element></con:representation><con:representation type="RESPONSE"><con:mediaType xsi:nil="true"/><con:status>0</con:status><con:params/><con:element>data</con:element></con:representation><con:representation type="RESPONSE"><con:mediaType xsi:nil="true"/><con:status>0</con:status><con:params/><con:element>data</con:element></con:representation><con:representation type="RESPONSE"><con:mediaType xsi:nil="true"/><con:status>0</con:status><con:params/><con:element>data</con:element></con:representation><con:representation type="RESPONSE"><con:mediaType xsi:nil="true"/><con:status>0</con:status><con:params/><con:element>data</con:element></con:representation><con:representation type="RESPONSE"><con:mediaType xsi:nil="true"/><con:status>0</con:status><con:params/><con:element>data</con:element></con:representation><con:representation type="RESPONSE"><con:mediaType xsi:nil="true"/><con:status>0</con:status><con:params/><con:element>data</con:element></con:representation><con:representation type="RESPONSE"><con:mediaType xsi:nil="true"/><con:status>0</con:status><con:params/><con:element>data</con:element></con:representation><con:representation type="RESPONSE"><con:mediaType xsi:nil="true"/><con:status>0</con:status><con:params/><con:element>data</con:element></con:representation><con:representation type="RESPONSE"><con:mediaType xsi:nil="true"/><con:status>0</con:status><con:params/><con:element>data</con:element></con:representation><con:request name="Request 1" mediaType="application/json" postQueryString="false" id="530327e4-effa-4b47-b87d-7506afd57b94"><con:settings><con:setting id="com.eviware.soapui.impl.wsdl.WsdlRequest@request-headers"><![CDATA[<xml-fragment xmlns:con="http://eviware.com/soapui/config">
  <con:entry key="Accept-Language" value="en"/>
  <con:entry key="X-Shard-key" value="a0"/>
  <con:entry key="X-Shard-key" value="ODc0MDE2M2EtNGY0MC00YmU2LTgwZDUtYjNlZjIxZGRkZjlj"/>
  <con:entry key="X-Device-Key" value="ffce4676-265c-4279-8cab-c0b0b6b561d6"/>
  <con:entry key="X-User-Data" value="a=6408,d=15523"/>
  <con:entry key="X-User-Id" value="82f8f09657514704a34f9d5cf5b64a56"/>
  <con:entry key="Content-Type" value="application/json; charset=UTF-8"/>
</xml-fragment>]]></con:setting></con:settings><con:endpoint>http://localhost:8086</con:endpoint><con:request>{
"objectName": "Abc91", 
"parentObjectKey":"3B839718014F7392E053815115ACC47E",
"sourceName": "DRIVE"
}
</con:request><con:originalUri>http://sittej.jiodrive.com/nms/folders</con:originalUri><con:credentials><con:authType>No Authorization</con:authType></con:credentials><con:jmsConfig JMSDeliveryMode="PERSISTENT"/><con:jmsPropertyConfig/><con:parameters/></con:request></con:method></con:resource><con:resource name="Create Folder Metadata Under Root" path="/nms/folders" id="78e31543-b0ef-4012-b229-b6e512f9b0f4"><con:settings/><con:parameters/><con:method name="Method 1" method="POST" id="96cabe02-50f3-4400-8346-08c188c4e3c5"><con:settings/><con:parameters/><con:representation type="REQUEST"><con:mediaType>application/json</con:mediaType><con:params/></con:representation><con:representation type="RESPONSE"><con:mediaType>application/json; charset=UTF-8</con:mediaType><con:status>201</con:status><con:params/><con:element xmlns:fol="http://sittej.jiodrive.com/nms/folders">fol:Response</con:element></con:representation><con:representation type="FAULT"><con:mediaType>application/json; charset=UTF-8</con:mediaType><con:status>400 412 500 404</con:status><con:params/><con:element xmlns:fol="http://sittej.jiodrive.com/nms/folders">fol:Fault</con:element></con:representation><con:representation type="RESPONSE"><con:mediaType xsi:nil="true"/><con:status>0</con:status><con:params/><con:element>data</con:element></con:representation><con:representation type="RESPONSE"><con:mediaType xsi:nil="true"/><con:status>0</con:status><con:params/><con:element>data</con:element></con:representation><con:representation type="RESPONSE"><con:mediaType xsi:nil="true"/><con:status>0</con:status><con:params/><con:element>data</con:element></con:representation><con:representation type="RESPONSE"><con:mediaType xsi:nil="true"/><con:status>0</con:status><con:params/><con:element>data</con:element></con:representation><con:representation type="RESPONSE"><con:mediaType xsi:nil="true"/><con:status>0</con:status><con:params/><con:element>data</con:element></con:representation><con:representation type="RESPONSE"><con:mediaType xsi:nil="true"/><con:status>0</con:status><con:params/><con:element>data</con:element></con:representation><con:representation type="RESPONSE"><con:mediaType xsi:nil="true"/><con:status>0</con:status><con:params/><con:element>data</con:element></con:representation><con:representation type="RESPONSE"><con:mediaType xsi:nil="true"/><con:status>0</con:status><con:params/><con:element>data</con:element></con:representation><con:representation type="RESPONSE"><con:mediaType xsi:nil="true"/><con:status>0</con:status><con:params/><con:element>data</con:element></con:representation><con:representation type="FAULT"><con:mediaType>text/html</con:mediaType><con:status>500</con:status><con:params/><con:element>html</con:element></con:representation><con:representation type="RESPONSE"><con:mediaType xsi:nil="true"/><con:status>0</con:status><con:params/><con:element>data</con:element></con:representation><con:representation type="RESPONSE"><con:mediaType xsi:nil="true"/><con:status>0</con:status><con:params/><con:element>data</con:element></con:representation><con:representation type="RESPONSE"><con:mediaType xsi:nil="true"/><con:status>0</con:status><con:params/><con:element>data</con:element></con:representation><con:representation type="RESPONSE"><con:mediaType xsi:nil="true"/><con:status>0</con:status><con:params/><con:element>data</con:element></con:representation><con:representation type="RESPONSE"><con:mediaType xsi:nil="true"/><con:status>0</con:status><con:params/><con:element>data</con:element></con:representation><con:representation type="RESPONSE"><con:mediaType xsi:nil="true"/><con:status>0</con:status><con:params/><con:element>data</con:element></con:representation><con:representation type="RESPONSE"><con:mediaType xsi:nil="true"/><con:status>0</con:status><con:params/><con:element>data</con:element></con:representation><con:representation type="RESPONSE"><con:mediaType xsi:nil="true"/><con:status>0</con:status><con:params/><con:element>data</con:element></con:representation><con:representation type="RESPONSE"><con:mediaType xsi:nil="true"/><con:status>0</con:status><con:params/><con:element>data</con:element></con:representation><con:representation type="RESPONSE"><con:mediaType xsi:nil="true"/><con:status>0</con:status><con:params/><con:element>data</con:element></con:representation><con:representation type="RESPONSE"><con:mediaType xsi:nil="true"/><con:status>0</con:status><con:params/><con:element>data</con:element></con:representation><con:representation type="RESPONSE"><con:mediaType xsi:nil="true"/><con:status>0</con:status><con:params/><con:element>data</con:element></con:representation><con:representation type="RESPONSE"><con:mediaType xsi:nil="true"/><con:status>0</con:status><con:params/><con:element>data</con:element></con:representation><con:request name="Request 1" mediaType="application/json" postQueryString="false" id="a93163a0-e1b7-42ad-8fe3-01bcab50e92d"><con:settings><con:setting id="com.eviware.soapui.impl.wsdl.WsdlRequest@request-headers"><![CDATA[<xml-fragment xmlns:con="http://eviware.com/soapui/config">
  <con:entry key="Accept-Language" value="en"/>
  <con:entry key="X-Shard-Key" value="a0"/>
  <con:entry key="X-Device-Key" value="ffce4676-265c-4279-8cab-c0b0b6b561d6"/>
  <con:entry key="X-User-Data" value="a=6408,d=15523"/>
  <con:entry key="X-User-Id" value="82f8f09657514704a34f9d5cf5b64a56"/>
  <con:entry key="Content-Type" value="application/json; charset=UTF-8"/>
</xml-fragment>]]></con:setting></con:settings><con:endpoint>http://localhost:8086</con:endpoint><con:request>{"objectName": "Abc7", 
"parentObjectKey":"3B839718014F7392E053815115ACC47E",
"sourceName": "DRIVE"
}
</con:request><con:originalUri>http://sittej.jiodrive.com/nms/folders</con:originalUri><con:credentials><con:authType>No Authorization</con:authType></con:credentials><con:jmsConfig JMSDeliveryMode="PERSISTENT"/><con:jmsPropertyConfig/><con:parameters/></con:request></con:method></con:resource></con:interface><con:interface xsi:type="con:RestService" wadlVersion="http://wadl.dev.java.net/2009/02" name="Get Metadata" type="rest" definitionUrl="Get Metadata" id="e87236ee-4f31-495e-9cca-20bb72c0edfb" xmlns:xsi="http://www.w3.org/2001/XMLSchema-instance"><con:settings/><con:definitionCache type="TEXT"/><con:endpoints/><con:resource name="Get Metadata First" path="/nms/metadata" id="de84f78f-ccd1-4280-87f2-528b3b678719"><con:settings/><con:parameters><con:parameter><con:name>sort</con:name><con:value/><con:style>QUERY</con:style><con:default/><con:description xsi:nil="true"/></con:parameter><con:parameter><con:name>folderKey</con:name><con:value/><con:style>QUERY</con:style><con:default/><con:description xsi:nil="true"/></con:parameter><con:parameter><con:name>filterCode</con:name><con:value/><con:style>QUERY</con:style><con:default/><con:description xsi:nil="true"/></con:parameter><con:parameter><con:name>limit</con:name><con:value/><con:style>QUERY</con:style><con:default/><con:description xsi:nil="true"/></con:parameter></con:parameters><con:method name="Method 1" method="GET" id="d88129ea-559d-49bc-8e0e-c106c78531e3"><con:settings/><con:parameters/><con:request name="Request 1" mediaType="application/json" id="90dee982-c5c6-456c-a4ab-056d55873b82"><con:settings><con:setting id="com.eviware.soapui.impl.wsdl.WsdlRequest@request-headers"><![CDATA[<xml-fragment xmlns:con="http://eviware.com/soapui/config">
  <con:entry key="Accept-Language" value="en"/>
  <con:entry key="X-Shard-Key" value="a0"/>
  <con:entry key="X-Api-Key" value="1b48222e-fb62-4198-b8e6-9d059e28db32"/>
  <con:entry key="Authorization" value="Basic YWYyYTNhZDU2YTM1NDVjZjgyZDMyMzQzZWQ1NGJjZGY="/>
  <con:entry key="X-App-Secret" value="ODc0MDE2M2EtNGY0MC00YmU2LTgwZDUtYjNlZjIxZGRkZjlj"/>
  <con:entry key="X-Device-Key" value="fe24ba59-765a-478c-b521-f1be4bd7daa5"/>
  <con:entry key="X-User-Data" value="a=6408,d=15056"/>
  <con:entry key="X-User-Id" value="82f8f09657514704a34f9d5cf5b64a56"/>
  <con:entry key="Content-Type" value="application/json; charset=UTF-8"/>
</xml-fragment>]]></con:setting></con:settings><con:endpoint>http://localhost:8086</con:endpoint><con:request/><con:originalUri>http://sittej.jiodrive.com/nms/metadata</con:originalUri><con:credentials><con:authType>No Authorization</con:authType></con:credentials><con:jmsConfig JMSDeliveryMode="PERSISTENT"/><con:jmsPropertyConfig/><con:parameters>
  <con:entry key="limit" value="500"/>
  <con:entry key="filterCode" value="applicationAndText"/>
  <con:entry key="sort" value="+lastUpdatedDate"/>
</con:parameters><con:parameterOrder><con:entry>sort</con:entry><con:entry>folderKey</con:entry><con:entry>filterCode</con:entry><con:entry>limit</con:entry></con:parameterOrder></con:request></con:method></con:resource><con:resource name="Get Metadata Next" path="/nms/metadata" id="70af32c2-dd2d-4363-ba4e-ff2b246922f2"><con:settings/><con:parameters><con:parameter><con:name>limit</con:name><con:value>10</con:value><con:style>QUERY</con:style><con:default>10</con:default></con:parameter><con:parameter><con:name>sort</con:name><con:value>+lastModifiedDate</con:value><con:style>QUERY</con:style><con:default>+lastModifiedDate</con:default></con:parameter><con:parameter><con:name>folderKey</con:name><con:value>3B834F1DFAC57394E053815115AC46F8</con:value><con:style>QUERY</con:style><con:default>3B834F1DFAC57394E053815115AC46F8</con:default></con:parameter><con:parameter><con:name>page</con:name><con:value/><con:style>QUERY</con:style><con:default/><con:description xsi:nil="true"/></con:parameter></con:parameters><con:method name="Method 1" id="cf35b51f-5f1f-475b-ad99-5610cd1c3e1c" method="GET"><con:settings/><con:parameters/><con:request name="Request 1" id="e515e4eb-3b8b-4990-9a63-b3c15edddd8c" mediaType="application/json"><con:settings><con:setting id="com.eviware.soapui.impl.wsdl.WsdlRequest@request-headers"><![CDATA[<xml-fragment xmlns:con="http://eviware.com/soapui/config">
  <con:entry key="Accept-Language" value="en"/>
  <con:entry key="X-Api-Key" value="1b48222e-fb62-4198-b8e6-9d059e28db32"/>
  <con:entry key="X-Shard-Key" value="a0"/>
  <con:entry key="X-App-Secret" value="ODc0MDE2M2EtNGY0MC00YmU2LTgwZDUtYjNlZjIxZGRkZjlj"/>
  <con:entry key="X-Device-Key" value="fe24ba59-765a-478c-b521-f1be4bd7daa5"/>
  <con:entry key="X-User-Data" value="a=6408,d=15056"/>
  <con:entry key="X-User-Id" value="82f8f09657514704a34f9d5cf5b64a56"/>
  <con:entry key="Content-Type" value="application/json; charset=UTF-8"/>
</xml-fragment>]]></con:setting></con:settings><con:endpoint>http://localhost:8086</con:endpoint><con:request/><con:originalUri>http://172.21.81.161/nms/metadata</con:originalUri><con:credentials><con:authType>No Authorization</con:authType></con:credentials><con:jmsConfig JMSDeliveryMode="PERSISTENT"/><con:jmsPropertyConfig/><con:parameters>
  <con:entry key="page" value="1"/>
  <con:entry key="folderKey" value="3B839718014F7392E053815115ACC47E"/>
</con:parameters><con:parameterOrder><con:entry>limit</con:entry><con:entry>sort</con:entry><con:entry>folderKey</con:entry><con:entry>page</con:entry></con:parameterOrder></con:request></con:method></con:resource><con:resource name="Get Metadata Previous" path="/nms/metadata" id="f6f3e575-d6fe-48c2-a13d-688ac7c9d16d"><con:settings/><con:parameters><con:parameter><con:name>limit</con:name><con:value>10</con:value><con:style>QUERY</con:style><con:default>10</con:default></con:parameter><con:parameter><con:name>page</con:name><con:value>0</con:value><con:style>QUERY</con:style><con:default>0</con:default></con:parameter><con:parameter><con:name>sort</con:name><con:value> lastModifiedDate</con:value><con:style>QUERY</con:style><con:default> lastModifiedDate</con:default></con:parameter><con:parameter><con:name>folderKey</con:name><con:value>3B834F1DFAC57394E053815115AC46F8"</con:value><con:style>QUERY</con:style><con:default>3B834F1DFAC57394E053815115AC46F8"</con:default></con:parameter></con:parameters><con:method name="Method 1" id="ffe267c8-9284-4bde-b865-deecf4d75aee" method="GET"><con:settings/><con:parameters/><con:request name="Request 1" id="e6503650-10a2-4735-9194-24d57d435573" mediaType="application/json"><con:settings><con:setting id="com.eviware.soapui.impl.wsdl.WsdlRequest@request-headers"><![CDATA[<xml-fragment xmlns:con="http://eviware.com/soapui/config">
  <con:entry key="Accept-Language" value="en"/>
  <con:entry key="X-Shard-Key" value="a0"/>
  <con:entry key="X-Device-Key" value="fe24ba59-765a-478c-b521-f1be4bd7daa5"/>
  <con:entry key="X-App-Secret" value="ODc0MDE2M2EtNGY0MC00YmU2LTgwZDUtYjNlZjIxZGRkZjlj"/>
  <con:entry key="X-User-Data" value="a=6408,d=15056"/>
  <con:entry key="X-User-Id" value="82f8f09657514704a34f9d5cf5b64a56"/>
  <con:entry key="Content-Type" value="application/json; charset=UTF-8"/>
</xml-fragment>]]></con:setting></con:settings><con:endpoint>http://localhost:8086</con:endpoint><con:request/><con:originalUri>http://172.21.81.161/nms/metadata</con:originalUri><con:credentials><con:authType>No Authorization</con:authType></con:credentials><con:jmsConfig JMSDeliveryMode="PERSISTENT"/><con:jmsPropertyConfig/><con:parameters>
  <con:entry key="limit" value="15"/>
  <con:entry key="sort" value="+lastModifiedDate"/>
  <con:entry key="page" value="1"/>
  <con:entry key="folderKey" value="3B839718014F7392E053815115ACC47E"/>
</con:parameters></con:request></con:method></con:resource></con:interface><con:interface xsi:type="con:RestService" wadlVersion="http://wadl.dev.java.net/2009/02" name="Ping" type="rest" definitionUrl="Ping" id="4084bf22-d76f-4a30-acf5-bbb87eadffab" xmlns:xsi="http://www.w3.org/2001/XMLSchema-instance"><con:settings/><con:definitionCache type="TEXT"/><con:endpoints/><con:resource name="Ping" path="/nms/ping" id="04c2fe24-01d0-4839-8d61-705c8447fcf2"><con:settings/><con:parameters/><con:method name="read" method="GET" id="27bbee06-e4cb-482a-8afa-1782e0cb33f9"><con:settings/><con:parameters/><con:request name="Request 1" mediaType="application/json" id="a0f60254-743e-4500-beb1-3a29e38b24de" postQueryString="false"><con:settings><con:setting id="com.eviware.soapui.impl.wsdl.WsdlRequest@request-headers">&lt;xml-fragment/></con:setting></con:settings><con:endpoint>http://localhost:8086</con:endpoint><con:request/><con:originalUri>http://sittej.jiodrive.com/ping/read</con:originalUri><con:credentials><con:authType>No Authorization</con:authType></con:credentials><con:jmsConfig JMSDeliveryMode="PERSISTENT"/><con:jmsPropertyConfig/><con:parameters/><con:parameterOrder/></con:request></con:method></con:resource></con:interface><con:interface xsi:type="con:RestService" wadlVersion="http://wadl.dev.java.net/2009/02" name="Get Initial Sync" type="rest" definitionUrl="Get Initial Sync" id="eb65c692-1e09-43b2-9601-e15b917f901b" xmlns:xsi="http://www.w3.org/2001/XMLSchema-instance"><con:settings/><con:definitionCache type="TEXT"/><con:endpoints/><con:resource name="Get Initial Sync Next" path="/nms/sync/initial" id="c0319dc7-df25-4040-a75c-ed3f0f66371a"><con:settings/><con:parameters><con:parameter><con:name>limit</con:name><con:value/><con:style>QUERY</con:style><con:default/><con:description xsi:nil="true"/></con:parameter><con:parameter><con:name>page</con:name><con:value/><con:style>QUERY</con:style><con:default/><con:description xsi:nil="true"/></con:parameter></con:parameters><con:method name="Method 1" method="GET" id="1c217c50-dc24-4a43-a864-df20b8b107cf"><con:settings/><con:parameters/><con:request name="Request 1" mediaType="application/json" postQueryString="false" id="2cf2e0d7-ce40-41d7-80c0-e1147153ad2c"><con:settings><con:setting id="com.eviware.soapui.impl.wsdl.WsdlRequest@request-headers"><![CDATA[<xml-fragment xmlns:con="http://eviware.com/soapui/config">
  <con:entry key="Accept-Language" value="en"/>
  <con:entry key="X-Shard-Key" value="a0"/>
  <con:entry key="X-Api-Key" value="1b48222e-fb62-4198-b8e6-9d059e28db32"/>
  <con:entry key="X-App-Secret" value="ODc0MDE2M2EtNGY0MC00YmU2LTgwZDUtYjNlZjIxZGRkZjlj"/>
  <con:entry key="X-Device-Key" value="ffce4676-265c-4279-8cab-c0b0b6b561d6"/>
  <con:entry key="X-User-Data" value="a=6408,d=15523"/>
  <con:entry key="X-User-Id" value="02e4f22ee0774c958ab92ea1343c6e4d"/>
  <con:entry key="Content-Type" value="application/json; charset=UTF-8"/>
</xml-fragment>]]></con:setting></con:settings><con:endpoint>http://localhost:8086</con:endpoint><con:request/><con:originalUri>http://sittej.jiodrive.com/nms/sync/now</con:originalUri><con:credentials><con:authType>No Authorization</con:authType></con:credentials><con:jmsConfig JMSDeliveryMode="PERSISTENT"/><con:jmsPropertyConfig/><con:parameters>
  <con:entry key="limit" value="500"/>
  <con:entry key="page" value="0"/>
</con:parameters><con:parameterOrder><con:entry>limit</con:entry><con:entry>page</con:entry></con:parameterOrder></con:request></con:method></con:resource><con:resource name="Get Initial Sync Page" path="/sync/initial" id="c3dc1d82-7929-43ed-a17d-1df416759fe0"><con:settings/><con:parameters><con:parameter><con:name>limit</con:name><con:value/><con:style>QUERY</con:style><con:default/><con:description xsi:nil="true"/></con:parameter><con:parameter><con:name>page</con:name><con:value/><con:style>QUERY</con:style><con:default/><con:description xsi:nil="true"/></con:parameter></con:parameters><con:method name="Method 1" method="GET" id="b53b496c-d3b6-41d0-87dc-bfcf815c28af"><con:settings/><con:parameters/><con:request name="Request 1" mediaType="application/json" id="c03ac710-f089-4f4b-a204-179d92fff58e"><con:settings><con:setting id="com.eviware.soapui.impl.wsdl.WsdlRequest@request-headers"><![CDATA[<xml-fragment xmlns:con="http://eviware.com/soapui/config">
  <con:entry key="Accept-Language" value="en"/>
  <con:entry key="X-Device-Key" value="dd2a7cc2-fe40-4293-97e8-3d67c87f63fb"/>
  <con:entry key="X-User-Id" value="00000000000000000000000000000001"/>
  <con:entry key="Content-Type" value="application/json; charset=UTF-8"/>
</xml-fragment>]]></con:setting></con:settings><con:endpoint>http://localhost:8086</con:endpoint><con:request/><con:originalUri>http://sittej.jiodrive.com/nms/metadata/all</con:originalUri><con:credentials><con:authType>No Authorization</con:authType></con:credentials><con:jmsConfig JMSDeliveryMode="PERSISTENT"/><con:jmsPropertyConfig/><con:parameters>
  <con:entry key="limit" value="10"/>
  <con:entry key="page" value="1"/>
</con:parameters><con:parameterOrder><con:entry>limit</con:entry><con:entry>page</con:entry></con:parameterOrder></con:request></con:method></con:resource></con:interface><con:interface xsi:type="con:RestService" wadlVersion="http://wadl.dev.java.net/2009/02" name="Get File Metadata" type="rest" definitionUrl="Get File Metadata" id="b5bc6000-e8f8-4366-ae69-4fe4df905143" xmlns:xsi="http://www.w3.org/2001/XMLSchema-instance"><con:settings/><con:definitionCache type="TEXT"/><con:endpoints/><con:resource name="Get File Metadata" path="/nms/files/d3b9fe05-3c31-4e25-b004-cec6e331ec27" id="3a1f76c1-5476-4388-a827-b152ab8dc2fb"><con:settings/><con:parameters/><con:method name="Method 1" method="GET" id="fd35fbfe-f8d1-4311-8654-619088b8813e"><con:settings/><con:parameters/><con:request name="Request 1" mediaType="application/json" id="1cb28957-956a-48a3-b9e6-7970afa20f78"><con:settings><con:setting id="com.eviware.soapui.impl.wsdl.WsdlRequest@request-headers"><![CDATA[<xml-fragment xmlns:con="http://eviware.com/soapui/config">
  <con:entry key="Accept-Language" value="en"/>
  <con:entry key="X-Device-Key" value="ffffffff-a941-a8c8-819f-88f80033c587"/>
  <con:entry key="X-User-Id" value="3d81e032110e421f8bca35aa1a947f22"/>
  <con:entry key="Content-Type" value="application/json; charset=UTF-8"/>
</xml-fragment>]]></con:setting></con:settings><con:endpoint>http://10.135.81.85:8080</con:endpoint><con:request/><con:originalUri>http://sittej.jiodrive.com/nms/files/39</con:originalUri><con:credentials><con:authType>No Authorization</con:authType></con:credentials><con:jmsConfig JMSDeliveryMode="PERSISTENT"/><con:jmsPropertyConfig/><con:parameters/></con:request></con:method></con:resource></con:interface><con:interface xsi:type="con:RestService" wadlVersion="http://wadl.dev.java.net/2009/02" name="Get Folder Metadata" type="rest" definitionUrl="Get Folder Metadata" id="d1454e23-c1cf-4713-8dd8-d76676f2eaa4" xmlns:xsi="http://www.w3.org/2001/XMLSchema-instance"><con:settings/><con:definitionCache type="TEXT"/><con:endpoints/><con:resource name="Get Folder Metadata" path="/nms/folders/3E2D3E464C307086E053815115ACE7A6" id="d770a6b1-f5c2-45c2-b40d-4df1d2004f0f"><con:settings/><con:parameters/><con:method name="Method 1" method="GET" id="b9cc3b54-3c5a-46ad-8576-20b028ac6edf"><con:settings/><con:parameters/><con:request name="Request 1" mediaType="application/json" id="ef052e0e-8399-49e7-8c36-32c9f8aabb69"><con:settings><con:setting id="com.eviware.soapui.impl.wsdl.WsdlRequest@request-headers"><![CDATA[<xml-fragment xmlns:con="http://eviware.com/soapui/config">
  <con:entry key="Accept-Language" value="en"/>
  <con:entry key="X-Shard-Key" value="a1"/>
  <con:entry key="X-Device-Key" value="a1e8dbba-0e9e-4c01-9564-003a0520e676"/>
  <con:entry key="X-User-Data" value="a=6407,d=15254"/>
  <con:entry key="X-User-Id" value="3b60d0d5a0d8449bbe1788230910d8c1"/>
  <con:entry key="Content-Type" value="application/json; charset=UTF-8"/>
</xml-fragment>]]></con:setting></con:settings><con:endpoint>http://172.21.81.161:8080</con:endpoint><con:request/><con:originalUri>http://sittej.jiodrive.com/nms/folders/40</con:originalUri><con:credentials><con:authType>No Authorization</con:authType></con:credentials><con:jmsConfig JMSDeliveryMode="PERSISTENT"/><con:jmsPropertyConfig/><con:parameters/></con:request></con:method></con:resource></con:interface><con:interface xsi:type="con:RestService" wadlVersion="http://wadl.dev.java.net/2009/02" name="Get Trashed Metadata" type="rest" definitionUrl="Get Trashed Metadata" id="283b3bb8-ae34-44eb-9cdc-185270894830" xmlns:xsi="http://www.w3.org/2001/XMLSchema-instance"><con:settings/><con:definitionCache type="TEXT"/><con:endpoints/><con:resource name="Get Trashed Metadata" path="/nms/trash" id="424ae755-dc20-4a56-b460-bf7019ca0ba9"><con:settings/><con:parameters><con:parameter><con:name>limit</con:name><con:value/><con:style>QUERY</con:style><con:default/><con:description xsi:nil="true"/></con:parameter><con:parameter><con:name>sort</con:name><con:value/><con:style>QUERY</con:style><con:default/><con:description xsi:nil="true"/></con:parameter><con:parameter><con:name>page</con:name><con:value/><con:style>QUERY</con:style><con:default/><con:description xsi:nil="true"/></con:parameter></con:parameters><con:method name="Method 1" method="GET" id="515db85e-58e7-44d8-8f96-aa46ba7a3055"><con:settings/><con:parameters/><con:request name="Request 1" mediaType="application/json" id="b011fef9-0e10-4b81-b798-dad690268f93" postQueryString="false"><con:settings><con:setting id="com.eviware.soapui.impl.wsdl.WsdlRequest@request-headers"><![CDATA[<xml-fragment xmlns:con="http://eviware.com/soapui/config">
  <con:entry key="Accept-Language" value="en"/>
  <con:entry key="X-Shard-Key" value="a0"/>
  <con:entry key="X-App-Secret" value="ODc0MDE2M2EtNGY0MC00YmU2LTgwZDUtYjNlZjIxZGRkZjlj"/>
  <con:entry key="X-Device-Key" value="fe24ba59-765a-478c-b521-f1be4bd7daa5"/>
  <con:entry key="X-User-Data" value="a=6408,d=15056"/>
  <con:entry key="X-User-Id" value="82f8f09657514704a34f9d5cf5b64a56"/>
  <con:entry key="Content-Type" value="application/json; charset=UTF-8"/>
</xml-fragment>]]></con:setting></con:settings><con:endpoint>http://localhost:8086</con:endpoint><con:request/><con:originalUri>http://sittej.jiodrive.com/nms/trash</con:originalUri><con:credentials><con:authType>No Authorization</con:authType></con:credentials><con:jmsConfig JMSDeliveryMode="PERSISTENT"/><con:jmsPropertyConfig/><con:parameters>
  <con:entry key="limit" value="60"/>
  <con:entry key="sort" value="+lastModifiedDate"/>
  <con:entry key="page" value="0"/>
</con:parameters><con:parameterOrder><con:entry>limit</con:entry><con:entry>sort</con:entry><con:entry>page</con:entry></con:parameterOrder></con:request></con:method></con:resource></con:interface><con:interface xsi:type="con:RestService" wadlVersion="http://wadl.dev.java.net/2009/02" name="Empty All Trash" type="rest" definitionUrl="Empty All Trash" id="cfa16201-c798-49f9-9033-1c14d8955ca7" xmlns:xsi="http://www.w3.org/2001/XMLSchema-instance"><con:settings/><con:definitionCache type="TEXT"/><con:endpoints/><con:resource name="Empty All Trash" path="/nms/trash/empty" id="eb8ff564-ba28-4433-a5ba-de03c528180d"><con:settings/><con:parameters/><con:method name="Method 1" method="PUT" id="25135832-bbcb-4670-80d6-959a8cec40c6"><con:settings/><con:parameters/><con:request name="Request 1" mediaType="application/json" postQueryString="false" id="fc5685b5-e836-4b7f-9d5f-3c66e7bb11a6"><con:settings><con:setting id="com.eviware.soapui.impl.wsdl.WsdlRequest@request-headers"><![CDATA[<xml-fragment xmlns:con="http://eviware.com/soapui/config">
  <con:entry key="Accept-Language" value="en"/>
  <con:entry key="X-Shard-Key" value="a0"/>
  <con:entry key="X-Device-Key" value="ffce4676-265c-4279-8cab-c0b0b6b561d6"/>
  <con:entry key="X-User-Data" value="a=6408,d=15523"/>
  <con:entry key="X-User-Id" value="82f8f09657514704a34f9d5cf5b64a56"/>
  <con:entry key="Content-Type" value="application/json; charset=UTF-8"/>
</xml-fragment>]]></con:setting></con:settings><con:endpoint>http://localhost:8086</con:endpoint><con:request/><con:originalUri>http://sittej.jiodrive.com/nms/trash/empty</con:originalUri><con:credentials><con:authType>No Authorization</con:authType></con:credentials><con:jmsConfig JMSDeliveryMode="PERSISTENT"/><con:jmsPropertyConfig/><con:parameters/></con:request></con:method></con:resource></con:interface><con:interface xsi:type="con:RestService" wadlVersion="http://wadl.dev.java.net/2009/02" name="Restore All Trash" type="rest" definitionUrl="Restore All Trash" basePath="" id="c6cb882b-bc90-4a34-8338-f033093343fc" xmlns:xsi="http://www.w3.org/2001/XMLSchema-instance"><con:settings/><con:definitionCache/><con:endpoints/><con:resource name="Restore All Trash" path="/nms/trash/restore" id="1232c4da-e337-49db-9280-780e05be33e1"><con:settings/><con:parameters/><con:method name="Method 1" method="PUT" id="94c53f52-dad3-45da-b341-961e6b8d380c"><con:settings/><con:parameters/><con:request name="Request 1" mediaType="application/json" postQueryString="false" id="82629431-3f07-44ba-82e6-d39ac0d771d0"><con:settings><con:setting id="com.eviware.soapui.impl.wsdl.WsdlRequest@request-headers"><![CDATA[<xml-fragment xmlns:con="http://eviware.com/soapui/config">
  <con:entry key="Accept-Language" value="en"/>
  <con:entry key="X-Shard-Key" value="a0"/>
  <con:entry key="X-Device-Key" value="ffce4676-265c-4279-8cab-c0b0b6b561d6"/>
  <con:entry key="X-User-Data" value="a=6408,d=15523"/>
  <con:entry key="X-User-Id" value="82f8f09657514704a34f9d5cf5b64a56"/>
  <con:entry key="Content-Type" value="application/json; charset=UTF-8"/>
</xml-fragment>]]></con:setting></con:settings><con:endpoint>http://localhost:8086</con:endpoint><con:request>{"objectKeys":["41CAF4C6930E703CE053985215AC8C4B","4191499DF03579BAE053985215AC5BA1"]}</con:request><con:originalUri>http://sittej.jiodrive.com/nms/trash/restore</con:originalUri><con:credentials><con:authType>No Authorization</con:authType></con:credentials><con:jmsConfig JMSDeliveryMode="PERSISTENT"/><con:jmsPropertyConfig/><con:parameters/></con:request></con:method></con:resource></con:interface><con:interface xsi:type="con:RestService" wadlVersion="http://wadl.dev.java.net/2009/02" name="Get Delta Sync" type="rest" definitionUrl="Get Delta Sync" id="b48bd293-acc9-42d1-ab2e-09fcc3f28054" xmlns:xsi="http://www.w3.org/2001/XMLSchema-instance"><con:settings/><con:definitionCache type="TEXT"/><con:endpoints/><con:resource name="Get Delta Sync" path="/nms/sync/delta" id="5b7cf291-31f2-4246-9c7b-3f19515bb9b6"><con:settings/><con:parameters><con:parameter><con:name>page</con:name><con:value/><con:style>QUERY</con:style><con:default/><con:description xsi:nil="true"/></con:parameter><con:parameter><con:name>limit</con:name><con:value/><con:style>QUERY</con:style><con:default/><con:description xsi:nil="true"/></con:parameter></con:parameters><con:method name="Method 1" method="GET" id="5d18b098-0067-42ed-b12d-d04689e9f8fd"><con:settings/><con:parameters/><con:request name="Request 1" mediaType="application/json" id="f6fbff98-3086-4f50-9abd-0fca274bc263"><con:settings><con:setting id="com.eviware.soapui.impl.wsdl.WsdlRequest@request-headers"><![CDATA[<xml-fragment xmlns:con="http://eviware.com/soapui/config">
  <con:entry key="Accept-Language" value="en"/>
  <con:entry key="X-Shard-Key" value="a0"/>
  <con:entry key="If-Modified-Since" value="1479896044737"/>
  <con:entry key="Authorization" value="Bearer 56598527a0e0f2d9ea8150da7da4677"/>
  <con:entry key="X-Device-Key" value="ffffffff-aa1b-df54-ffff-ffffcd739c56"/>
  <con:entry key="X-App-Secret" value="ODc0MDE2M2EtNGY0MC00YmU2LTgwZDUtYjNlZjIxZGRkZjlj"/>
  <con:entry key="X-User-Data" value="a=6408,d=15523"/>
  <con:entry key="X-User-Id" value="6c2c82b110cf4307aed487839cb61619"/>
</xml-fragment>]]></con:setting></con:settings><con:endpoint>http://localhost:8086</con:endpoint><con:request/><con:originalUri>http://sittej.jiodrive.com/nms/metadata/delta</con:originalUri><con:credentials><con:authType>No Authorization</con:authType></con:credentials><con:jmsConfig JMSDeliveryMode="PERSISTENT"/><con:jmsPropertyConfig/><con:parameters>
  <con:entry key="limit" value="100"/>
  <con:entry key="page" value="0"/>
</con:parameters><con:parameterOrder><con:entry>page</con:entry><con:entry>limit</con:entry></con:parameterOrder></con:request></con:method></con:resource></con:interface><con:interface xsi:type="con:RestService" wadlVersion="http://wadl.dev.java.net/2009/02" name="Update Metadata" type="rest" definitionUrl="Update Metadata" id="7efc115a-8855-4dac-a5b1-4afee874ac04" xmlns:xsi="http://www.w3.org/2001/XMLSchema-instance"><con:settings/><con:definitionCache type="TEXT"/><con:endpoints/><con:resource name="Update Metadata" path="/nms/metadata" id="48630e30-08c3-4629-8796-b376c7d77d2b"><con:settings/><con:parameters/><con:method name="Method 1" method="PUT" id="7687df6b-d2e3-49eb-b8b9-9a3bd799ef4d"><con:settings/><con:parameters/><con:request name="Request 1" mediaType="application/json" postQueryString="false" id="e066ef5d-506f-4c14-8a59-6ee774c8772b"><con:settings><con:setting id="com.eviware.soapui.impl.wsdl.WsdlRequest@request-headers"><![CDATA[<xml-fragment xmlns:con="http://eviware.com/soapui/config">
  <con:entry key="Accept-Language" value="en"/>
  <con:entry key="X-Shard-Key" value="a0"/>
  <con:entry key="X-Device-Key" value="ffce4676-265c-4279-8cab-c0b0b6b561d6"/>
  <con:entry key="X-User-Data" value="a=6408,d=15523"/>
  <con:entry key="X-User-Id" value="82f8f09657514704a34f9d5cf5b64a56"/>
  <con:entry key="Content-Type" value="application/json; charset=UTF-8"/>
</xml-fragment>]]></con:setting></con:settings><con:endpoint>http://localhost:8086</con:endpoint><con:request>{"objects":    [
            {
         "createdDate": 1479360510754,
         "lastUpdatedDate": 1479360510754,
         "status": "T",
         "parentObjectKey": "417B799C3E74227AE053815115AC7558",
         "parentObjectType": "FR",
         "objectKey": "1c274c5362924161bdfd0562b52105fb",
         "objectType": "FE",
         "objectName": "Sachin.Senger_Software_Tokens.zip",
         "mimeType": "application",
         "mimeSubType": "zip",
         "sizeInBytes": 1682,
         "isHidden": false,
         "isLocked": false,
         "isReadonly": false,
         "version": 1,
         "sourceId": 1,
         "sourceName": "uploadApi",
         "lastModifiedDate": 1479360510754,
         "lastAccessedDate": 1479360510754,
         "url": "http://dev-dl.tejdrive.com/download/files/1c274c5362924161bdfd0562b52105fb/Sachin.Senger_Software_Tokens.zip"
      }]
}
       </con:request><con:originalUri>http://sittej.jiodrive.com/nms/batch</con:originalUri><con:credentials><con:authType>No Authorization</con:authType></con:credentials><con:jmsConfig JMSDeliveryMode="PERSISTENT"/><con:jmsPropertyConfig/><con:parameters/></con:request></con:method></con:resource></con:interface><con:interface xsi:type="con:RestService" id="9b403c95-f4d8-420a-929c-1c61c6a911b1" wadlVersion="http://wadl.dev.java.net/2009/02" name="manifest" type="rest" xmlns:xsi="http://www.w3.org/2001/XMLSchema-instance"><con:settings/><con:definitionCache/><con:endpoints><con:endpoint>http://172.21.81.161:8080</con:endpoint></con:endpoints><con:resource name="Manifest" path="/nms/manifest" id="cd1da635-b87a-45c0-97d4-4555e73c4e7d"><con:settings/><con:parameters/><con:method name="Manifestarray" id="c5f033ac-1c5d-4946-9421-2201d4eb127d" method="GET"><con:settings/><con:parameters/><con:representation type="RESPONSE"><con:mediaType>application/json; charset=UTF-8</con:mediaType><con:status>200</con:status><con:params/><con:element xmlns:man="http://172.21.81.161/nms/manifestarray">man:Response</con:element></con:representation><con:request name="Request 1" id="037cd1b4-d06b-4d2d-89e8-b186a15f63f4" mediaType="application/json"><con:settings><con:setting id="com.eviware.soapui.impl.wsdl.WsdlRequest@request-headers">&lt;xml-fragment/></con:setting></con:settings><con:endpoint>http://172.21.81.161:8080</con:endpoint><con:request/><con:originalUri>http://172.21.81.161/nms/manifestarray</con:originalUri><con:credentials><con:authType>No Authorization</con:authType></con:credentials><con:jmsConfig JMSDeliveryMode="PERSISTENT"/><con:jmsPropertyConfig/><con:parameters/></con:request></con:method></con:resource></con:interface><con:interface xsi:type="con:RestService" id="6c534c9a-0cd5-4a3b-a93a-f2346db91173" wadlVersion="http://wadl.dev.java.net/2009/02" name="manifestarray" type="rest" xmlns:xsi="http://www.w3.org/2001/XMLSchema-instance"><con:settings/><con:definitionCache/><con:endpoints><con:endpoint>http://172.21.81.161:8080</con:endpoint></con:endpoints><con:resource name="Manifestarray" path="/nms/manifestarray" id="21d0ea7b-24c4-4d28-b5dd-1deb8441c380"><con:settings/><con:parameters/><con:method name="Manifestarray" id="b2a74745-504c-4c7e-991b-aac504a6e418" method="GET"><con:settings/><con:parameters/><con:representation type="RESPONSE"><con:mediaType>application/json; charset=UTF-8</con:mediaType><con:status>200</con:status><con:params/><con:element xmlns:man="http://172.21.81.161/nms/manifestarray">man:Response</con:element></con:representation><con:request name="Request 1" id="d9957199-fa18-4be1-a882-2fde0be225ff" mediaType="application/json"><con:settings><con:setting id="com.eviware.soapui.impl.wsdl.WsdlRequest@request-headers">&lt;xml-fragment/></con:setting></con:settings><con:endpoint>http://172.21.81.161:8080</con:endpoint><con:request/><con:originalUri>http://172.21.81.161/nms/manifestarray</con:originalUri><con:credentials><con:authType>No Authorization</con:authType></con:credentials><con:jmsConfig JMSDeliveryMode="PERSISTENT"/><con:jmsPropertyConfig/><con:parameters/></con:request></con:method></con:resource></con:interface><con:interface xsi:type="con:RestService" id="62c26ec8-69c2-4f8e-8c7f-142bc5095db5" wadlVersion="http://wadl.dev.java.net/2009/02" name="NMS Restore SIngle file" type="rest" xmlns:xsi="http://www.w3.org/2001/XMLSchema-instance"><con:settings/><con:definitionCache/><con:endpoints><con:endpoint>http://172.21.81.161:8080</con:endpoint></con:endpoints><con:resource name="Restore" path="/nms/metadata/trash" id="bbe502fa-e96b-40ef-bd26-8f371d28c00c"><con:settings/><con:parameters/><con:method name="Restore" id="a90b6b23-9e2e-4b23-9d3c-0ded5157ea26" method="PUT"><con:settings/><con:parameters/><con:representation type="RESPONSE"><con:mediaType>application/json; charset=UTF-8</con:mediaType><con:status>200</con:status><con:params/><con:element xmlns:res="http://172.21.81.161/nms/trash/restore">res:Response</con:element></con:representation><con:representation type="REQUEST"><con:mediaType>application/json</con:mediaType><con:params/></con:representation><con:representation type="FAULT"><con:mediaType>application/json; charset=UTF-8</con:mediaType><con:status>400 500</con:status><con:params/><con:element xmlns:res="http://172.21.81.161/nms/trash/restore">res:Fault</con:element></con:representation><con:request name="Request 1" id="29af6933-88de-4bef-b81a-5d7f13d852aa" mediaType="application/json" postQueryString="false"><con:settings><con:setting id="com.eviware.soapui.impl.wsdl.WsdlRequest@request-headers"><![CDATA[<xml-fragment xmlns:con="http://eviware.com/soapui/config">
  <con:entry key="Accept-Language" value="en"/>
  <con:entry key="X-Shard-Key" value="a0"/>
  <con:entry key="X-Device-Key" value="fe24ba59-765a-478c-b521-f1be4bd7daa5"/>
  <con:entry key="X-User-Data" value="a=6408,d=15056"/>
  <con:entry key="X-User-Id" value="82f8f09657514704a34f9d5cf5b64a56"/>
  <con:entry key="Content-Type" value="application/json; charset=UTF-8"/>
</xml-fragment>]]></con:setting></con:settings><con:endpoint>http://localhost:8086</con:endpoint><con:request>{"objectKeys":["0733204594bc43cbab9db3f1148cc70d"]}</con:request><con:originalUri>http://172.21.81.161/nms/trash/restore</con:originalUri><con:credentials><con:authType>No Authorization</con:authType></con:credentials><con:jmsConfig JMSDeliveryMode="PERSISTENT"/><con:jmsPropertyConfig/><con:parameters/></con:request></con:method></con:resource></con:interface><con:interface xsi:type="con:RestService" id="cfc3abbc-2938-461f-9c77-b9b9eaf72817" wadlVersion="http://wadl.dev.java.net/2009/02" name="NMS Delete Single API" type="rest" xmlns:xsi="http://www.w3.org/2001/XMLSchema-instance"><con:settings/><con:definitionCache type="TEXT" rootPart=""/><con:endpoints><con:endpoint>http://dev-www.tejdrive.com</con:endpoint></con:endpoints><con:resource name="Delete" path="/nms/metadata/delete" id="67a70e94-ab03-4f68-ab6a-b62f9d0e17a4"><con:settings/><con:parameters/><con:method name="Delete" id="18b073c2-fe18-4f26-9f8f-85afe3a65f31" method="PUT"><con:settings/><con:parameters/><con:representation type="FAULT"><con:mediaType>application/json; charset=UTF-8</con:mediaType><con:status>500</con:status><con:params/><con:element xmlns:del="http://172.21.81.161/nms/metadata/delete">del:Fault</con:element></con:representation><con:representation type="REQUEST"><con:mediaType>application/json</con:mediaType><con:params/></con:representation><con:representation type="RESPONSE"><con:mediaType>application/json; charset=UTF-8</con:mediaType><con:status>200</con:status><con:params/><con:element xmlns:del="http://172.21.81.161/nms/metadata/delete">del:Response</con:element></con:representation><con:representation type="RESPONSE"><con:mediaType xsi:nil="true"/><con:status>0</con:status><con:params/><con:element>data</con:element></con:representation><con:representation type="RESPONSE"><con:mediaType xsi:nil="true"/><con:status>0</con:status><con:params/><con:element>data</con:element></con:representation><con:request name="Request 1" id="b42d2535-25e9-423c-ae8e-d04cf3dc2552" mediaType="application/json" postQueryString="false"><con:settings><con:setting id="com.eviware.soapui.impl.wsdl.WsdlRequest@request-headers"><![CDATA[<xml-fragment xmlns:con="http://eviware.com/soapui/config">
  <con:entry key="Accept-Language" value="en"/>
  <con:entry key="X-Shard-Key" value="a0"/>
  <con:entry key="X-Device-Key" value="fe24ba59-765a-478c-b521-f1be4bd7daa5"/>
  <con:entry key="X-User-Data" value="a=6408,d=15056"/>
  <con:entry key="X-User-Id" value="82f8f09657514704a34f9d5cf5b64a56"/>
  <con:entry key="Content-Type" value="application/json; charset=UTF-8"/>
</xml-fragment>]]></con:setting></con:settings><con:endpoint>http://localhost:8086</con:endpoint><con:request>{"objectKeys": ["a18125e482c643438b17d35103a51388"]}</con:request><con:originalUri>http://172.21.81.161/nms/metadata/delete</con:originalUri><con:credentials><con:authType>No Authorization</con:authType></con:credentials><con:jmsConfig JMSDeliveryMode="PERSISTENT"/><con:jmsPropertyConfig/><con:parameters/></con:request></con:method></con:resource></con:interface><con:interface xsi:type="con:RestService" id="72cd5acb-e8d6-43e0-afd3-5b6e5a65a21a" wadlVersion="http://wadl.dev.java.net/2009/02" name="Copy File" type="rest" xmlns:xsi="http://www.w3.org/2001/XMLSchema-instance"><con:settings/><con:definitionCache/><con:endpoints><con:endpoint>http://dev-www.tejdrive.com</con:endpoint></con:endpoints><con:resource name="Copy File" path="/nms/metadata/copy" id="7f9bb34d-23fd-4f2c-a169-98d329953749"><con:settings/><con:parameters/><con:method name="Copy" id="c2932a7d-1a3a-4205-87d3-428170257631" method="PUT"><con:settings/><con:parameters/><con:representation type="FAULT"><con:mediaType>application/json; charset=UTF-8</con:mediaType><con:status>500 400</con:status><con:params/><con:element xmlns:copy="http://172.21.81.161/nms/metadata/copy">copy:Fault</con:element></con:representation><con:representation type="RESPONSE"><con:mediaType>application/json; charset=UTF-8</con:mediaType><con:status>200</con:status><con:params/><con:element xmlns:copy="http://172.21.81.161/nms/metadata/copy">copy:Response</con:element></con:representation><con:representation type="REQUEST"><con:mediaType>application/json</con:mediaType><con:params/></con:representation><con:request name="Request 1" id="82a6aff1-1dbb-4d11-a8d0-e259a9a05a59" mediaType="application/json" postQueryString="false"><con:settings><con:setting id="com.eviware.soapui.impl.wsdl.WsdlRequest@request-headers"><![CDATA[<xml-fragment xmlns:con="http://eviware.com/soapui/config">
  <con:entry key="Accept-Language" value="en"/>
  <con:entry key="X-Shard-Key" value="a1"/>
  <con:entry key="X-Device-Key" value="a1e8dbba-0e9e-4c01-9564-003a0520e676"/>
  <con:entry key="X-User-Data" value="a=6407,d=15254"/>
  <con:entry key="X-User-Id" value="3b60d0d5a0d8449bbe1788230910d8c1"/>
  <con:entry key="Content-Type" value="application/json; charset=UTF-8"/>
</xml-fragment>]]></con:setting></con:settings><con:endpoint>http://172.21.81.161:8080</con:endpoint><con:request>{
	"destinationObjectKey":"3E2D3E464C307086E053815115ACE7A6",
	"objectKeys":["8fb46a57d9c84cd5b53eb0376b42df8e"]
}</con:request><con:originalUri>http://172.21.81.161/nms/metadata/copy</con:originalUri><con:credentials><con:authType>No Authorization</con:authType></con:credentials><con:jmsConfig JMSDeliveryMode="PERSISTENT"/><con:jmsPropertyConfig/><con:parameters/></con:request></con:method></con:resource></con:interface><con:interface xsi:type="con:RestService" id="974cf72b-93e7-4e5d-940f-b079af76b773" wadlVersion="http://wadl.dev.java.net/2009/02" name="http://mg-apis.ourpics.com" type="rest" xmlns:xsi="http://www.w3.org/2001/XMLSchema-instance"><con:settings/><con:definitionCache/><con:endpoints><con:endpoint>http://mg-apis.ourpics.com</con:endpoint></con:endpoints><con:resource name="Initial" path="/nms/sync/initial" id="842fe733-5c1e-4dde-8400-cc24f695fe53"><con:settings/><con:parameters><con:parameter><con:name>limit</con:name><con:value>1000</con:value><con:style>QUERY</con:style><con:default>1000</con:default><con:path xsi:nil="true"/><con:description xsi:nil="true"/></con:parameter></con:parameters><con:method name="Initial" id="d725d916-c3d4-4f8a-a7db-6a207aea2182" method="GET"><con:settings/><con:parameters/><con:representation type="FAULT"><con:mediaType>application/json</con:mediaType><con:status>500</con:status><con:params/><con:element xmlns:init="http://mg-apis.ourpics.com/nms/sync/initial">init:Fault</con:element></con:representation><con:request name="Request 1" id="cf5946ac-8e94-4752-bb3d-27058ceecc4a" mediaType="application/json"><con:settings><con:setting id="com.eviware.soapui.impl.wsdl.WsdlRequest@request-headers"><![CDATA[<xml-fragment xmlns:con="http://eviware.com/soapui/config">
  <con:entry key="Accept-Language" value="en"/>
  <con:entry key="X-ApI-KEY" value=""/>
  <con:entry key="X-Device-Key" value=""/>
  <con:entry key="X-User-Id" value=""/>
  <con:entry key="Content-Type" value=""/>
</xml-fragment>]]></con:setting></con:settings><con:endpoint>http://mg-apis.ourpics.com</con:endpoint><con:request/><con:originalUri>http://mg-apis.ourpics.com/nms/sync/initial</con:originalUri><con:credentials><con:authType>No Authorization</con:authType></con:credentials><con:jmsConfig JMSDeliveryMode="PERSISTENT"/><con:jmsPropertyConfig/><con:parameters/><con:parameterOrder><con:entry>limit</con:entry></con:parameterOrder></con:request></con:method></con:resource></con:interface><con:interface xsi:type="con:RestService" id="2d07a374-e285-4f47-8bd9-ccc4e143cfb5" wadlVersion="http://wadl.dev.java.net/2009/02" name="NMS Single File Trash" type="rest" xmlns:xsi="http://www.w3.org/2001/XMLSchema-instance"><con:settings/><con:definitionCache/><con:endpoints><con:endpoint>http://localhost:8086</con:endpoint></con:endpoints><con:resource name="Trash" path="/nms/metadata/trash" id="9ebf0dbe-255f-4211-ac92-4210c1ecda94"><con:settings/><con:parameters/><con:method name="Trash" id="02925f4d-1cd9-46b5-80af-e2c9125e8751" method="PUT"><con:settings/><con:parameters/><con:representation type="FAULT"><con:mediaType>application/json; charset=UTF-8</con:mediaType><con:status>400 500</con:status><con:params/><con:element xmlns:tras="http://172.21.82.70/nms/metadata/trash">tras:Fault</con:element></con:representation><con:representation type="REQUEST"><con:mediaType>application/json</con:mediaType><con:params/></con:representation><con:representation type="RESPONSE"><con:mediaType xsi:nil="true"/><con:status>0</con:status><con:params/><con:element>data</con:element></con:representation><con:representation type="RESPONSE"><con:mediaType xsi:nil="true"/><con:status>0</con:status><con:params/><con:element>data</con:element></con:representation><con:representation type="RESPONSE"><con:mediaType xsi:nil="true"/><con:status>0</con:status><con:params/><con:element>data</con:element></con:representation><con:representation type="RESPONSE"><con:mediaType>application/json; charset=UTF-8</con:mediaType><con:status>200</con:status><con:params/><con:element xmlns:tras="http://172.21.82.70/nms/metadata/trash">tras:Response</con:element></con:representation><con:representation type="FAULT"><con:mediaType>application/json</con:mediaType><con:status>500 400 401</con:status><con:params/><con:element xmlns:tras="http://172.21.82.70/nms/metadata/trash">tras:Fault</con:element></con:representation><con:representation type="RESPONSE"><con:mediaType>application/json;charset=UTF-8</con:mediaType><con:status>200</con:status><con:params/><con:element xmlns:tras="http://172.21.82.70/nms/metadata/trash">tras:Response</con:element></con:representation><con:request name="Request 1" id="ed598a73-f407-4386-9753-6c8688d62945" mediaType="application/json" postQueryString="false"><con:settings><con:setting id="com.eviware.soapui.impl.wsdl.WsdlRequest@request-headers"><![CDATA[<xml-fragment xmlns:con="http://eviware.com/soapui/config">
  <con:entry key="Accept-Language" value="en"/>
  <con:entry key="X-Shard-Key" value="a0"/>
  <con:entry key="Authorization" value="Basic YWYyYTNhZDU2YTM1NDVjZjgyZDMyMzQzZWQ1NGJjZGY="/>
  <con:entry key="X-Device-Key" value="fe24ba59-765a-478c-b521-f1be4bd7daa5"/>
  <con:entry key="X-App-Secret" value="ODc0MDE2M2EtNGY0MC00YmU2LTgwZDUtYjNlZjIxZGRkZjlj"/>
  <con:entry key="X-API-Key" value="1b48222e-fb62-4198-b8e6-9d059e28db32"/>
  <con:entry key="X-User-Data" value="a=6408,d=15056"/>
  <con:entry key="X-User-Id" value="82f8f09657514704a34f9d5cf5b64a56"/>
  <con:entry key="Content-Type" value="application/json; charset=UTF-8"/>
</xml-fragment>]]></con:setting></con:settings><con:endpoint>http://localhost:8086</con:endpoint><con:request>{"objectKeys":["e6db55caea6346c0a5b3ce9498197f0e"]}</con:request><con:originalUri>http://172.21.82.70/nms/metadata/trash</con:originalUri><con:credentials><con:authType>No Authorization</con:authType></con:credentials><con:jmsConfig JMSDeliveryMode="PERSISTENT"/><con:jmsPropertyConfig/><con:parameters/></con:request></con:method></con:resource></con:interface><con:properties/><con:wssContainer/><con:oAuth2ProfileContainer/><con:sensitiveInformation/></con:soapui-project>