<?xml version="1.0" encoding="UTF-8"?>
<beans xmlns="http://www.springframework.org/schema/beans"
	xmlns:xsi="http://www.w3.org/2001/XMLSchema-instance"
	xmlns:context="http://www.springframework.org/schema/context"
	xmlns:aop="http://www.springframework.org/schema/aop"
	xmlns:mvc="http://www.springframework.org/schema/mvc"
	xsi:schemaLocation="http://www.springframework.org/schema/beans http://www.springframework.org/schema/beans/spring-beans-4.1.xsd
		http://www.springframework.org/schema/context http://www.springframework.org/schema/context/spring-context-4.1.xsd
		http://www.springframework.org/schema/aop http://www.springframework.org/schema/aop/spring-aop-4.1.xsd 
		http://www.springframework.org/schema/mvc http://www.springframework.org/schema/mvc/spring-mvc.xsd">

<context:component-scan base-package="com"></context:component-scan>

<mvc:annotation-driven></mvc:annotation-driven>

<mvc:interceptors>
<bean class="com.training.interceptor.MyInterceptor"></bean>
</mvc:interceptors>

<bean class="org.springframework.web.servlet.view.InternalResourceViewResolver">
<property name="prefix" value="/WEB-INF/views/"></property>
<property name="suffix" value=".jsp"></property>
</bean>

<bean id="messageSource" class="org.springframework.context.support.ReloadableResourceBundleMessageSource">
<property name="basename" value="/WEB-INF/studentmessages"></property>
</bean>


<bean id="dataSource" class="org.springframework.jdbc.datasource.DriverManagerDataSource">
		<property name="driverClassName" value="com.mysql.jdbc.Driver" />
		<property name="url" value="jdbc:mysql://localhost:3306/test" />
		<property name="username" value="root" />
		<property name="password" value="root" />
</bean>

<bean id="sessionFactory" class="org.springframework.orm.hibernate4.LocalSessionFactoryBean">
		<property name="dataSource" ref="dataSource"></property>
		<property name="annotatedClasses">
		<list>
		<value>com.training.dto.Student</value>
		</list>
		</property>
		<property name="hibernateProperties">
		<props>
		<prop key="hibernate.current_session_context_class">thread</prop>
		<prop key="hibernate.dialect">org.hibernate.dialect.MySQLDialect</prop>
		<prop key="hibernate.hbm2ddl.auto">create</prop>
		<prop key="hibernate.show_sql">true</prop>
		</props>
		</property>
</bean>


<bean class="org.springframework.web.servlet.handler.SimpleMappingExceptionResolver">
<property name="exceptionMappings">
<map>
<entry key="NullPointerException" value="nullpointerpage"></entry>
<entry key="IOException" value="iopage"></entry>
</map>
</property>
<property name="defaultErrorView" value="commonpage"></property>
</bean>

<!-- Handles HTTP GET requests for /resources/** by efficiently serving up static resources in the ${webappRoot}/resources directory -->
	<mvc:resources mapping="/resources/**" location="/resources/" />
	
</beans>

